{"data":{"allWpTestimonial":{"edges":[{"node":{"title":"Alex Simon","id":"cG9zdDo2MzE=","testimonialsACF":{"testimony":"I think after coming to NZ, this was by far the best Indian restaurant. I implore every Indian who miss the authentic Indian food back in India try this restaurant. Truly a good experience."}}},{"node":{"title":"Peter Green","id":"cG9zdDo2Mjk=","testimonialsACF":{"testimony":"Fantastic curries & great service. The restaurant is always clean, tidy & well priced. Highly recommended."}}},{"node":{"title":"Dhiraj Kumar Masodgi","id":"cG9zdDo2MjY=","testimonialsACF":{"testimony":"It's located bit inside and restaurant is located on first floor. Food is good. Ambience is good. You need to walk a bit but not very much. Walking distance from i-site information centre Paihia."}}},{"node":{"title":"Wiebke Strehlitz","id":"cG9zdDo2MjQ=","testimonialsACF":{"testimony":"We get take away food from here regularly and love it. Staff members are always very welcoming and friendly. Food order sometimes take a while (during busy season) but we arranged with ordering a bit ahead or picking it up later. I rather prefer the vegetarian meals as I'm a bit picky when it comes to meat, but my partner always has meat and has never been disappointed."}}},{"node":{"title":"Karan Saxena","id":"cG9zdDo2MjI=","testimonialsACF":{"testimony":"Great host. Polite and helpful staff. Amazingly good quality food. We went to celebrate our wedding anniversary and were bit late to buy a cake. We went for dining and told the staff we couldnt find a cake. They complimentary provided a cute little cake. The experience and service was very overwhelming Highly recommended. Thanks guys keep up the good work."}}},{"node":{"title":"Robin Hasssn","id":"cG9zdDo2MjA=","testimonialsACF":{"testimony":"Customer service is up to 100%.\r\nFood is served i think more than enough .\r\nThere prices are worth paying .\r\nTry their karie chicken .yum yum ."}}},{"node":{"title":"Mike Bowen","id":"cG9zdDo2MTg=","testimonialsACF":{"testimony":"Amazing food great service and very nice inside restaurant\r\nPerfect place for a nice meal with someone special\r\nHighly recommend\r\n\r\n\r\n\r\n"}}}]}}}