{"data":{"allWpFoodMenu":{"edges":[{"node":{"title":"MURGH MAKHANI (BUTTER CHICKEN)","id":"cG9zdDoxNDg0NQ==","menuACF":{"price":18.9,"description":"Roasted chicken pieces cooked in a creamy, cashew nut and tomato sauce."},"menuCategories":{"nodes":[{"slug":"chicken","name":"Chicken"},{"slug":"main-course","name":"Main Course"}]}}},{"node":{"title":"MURGH LABABDAR","id":"cG9zdDoxNDg0Nw==","menuACF":{"price":18.9,"description":"Creamy chicken curry made from cheese and cashew nut  based sauce."},"menuCategories":{"nodes":[{"slug":"chicken","name":"Chicken"},{"slug":"main-course","name":"Main Course"}]}}},{"node":{"title":"CHICKEN KORMA","id":"cG9zdDoxNDQ5Mw==","menuACF":{"price":18.9,"description":"Boneless chicken cooked in cashew nut and creamy based sauce to create a rich and nutty flavour. "},"menuCategories":{"nodes":[{"slug":"chicken","name":"Chicken"},{"slug":"main-course","name":"Main Course"}]}}},{"node":{"title":"CHICKEN KADAI","id":"cG9zdDoxNDg0OQ==","menuACF":{"price":18.9,"description":"Diced chicken cooked with tempering of cumin, coriander seeds, diced onions, tomatoes and capsicum. "},"menuCategories":{"nodes":[{"slug":"chicken","name":"Chicken"},{"slug":"main-course","name":"Main Course"}]}}},{"node":{"title":"CHICKEN CURRY","id":"cG9zdDoxNDQ5NQ==","menuACF":{"price":18.9,"description":"Tender chicken pieces cooked in thin tomato and onion based gravy."},"menuCategories":{"nodes":[{"slug":"chicken","name":"Chicken"},{"slug":"main-course","name":"Main Course"}]}}},{"node":{"title":"CHICKEN TIKKA MASALA","id":"cG9zdDoxNDg1MQ==","menuACF":{"price":18.9,"description":"Boneless chicken grilled in tandoor then simmered in a tomato, onion sauce and enriched with aromatic spices. "},"menuCategories":{"nodes":[{"slug":"chicken","name":"Chicken"},{"slug":"main-course","name":"Main Course"}]}}},{"node":{"title":"CHICKEN VINDALOO","id":"cG9zdDoxNDQ5Nw==","menuACF":{"price":18.9,"description":"Hot and spicy chicken curry cooked in onion based sauce with traditional vindaloo paste. "},"menuCategories":{"nodes":[{"slug":"chicken","name":"Chicken"},{"slug":"main-course","name":"Main Course"}]}}},{"node":{"title":"CHICKEN SAAGWALA","id":"cG9zdDoxNDg1Mw==","menuACF":{"price":18.9,"description":"Tender pieces of chicken cooked in a subtly flavoured spinach with exotic spices. "},"menuCategories":{"nodes":[{"slug":"chicken","name":"Chicken"},{"slug":"main-course","name":"Main Course"}]}}},{"node":{"title":"MANGO CHICKEN","id":"cG9zdDoxNDQ5OQ==","menuACF":{"price":18.9,"description":"Boneless chicken cooked with mango creamy sauce with flavourful spices and cardamom. "},"menuCategories":{"nodes":[{"slug":"chicken","name":"Chicken"},{"slug":"main-course","name":"Main Course"}]}}},{"node":{"title":"CHICKEN MADRAS","id":"cG9zdDoxNDg1NQ==","menuACF":{"price":18.9,"description":"Tender chicken cooked in coconut base sauce with curry leaves and mustard seed. "},"menuCategories":{"nodes":[{"slug":"chicken","name":"Chicken"},{"slug":"main-course","name":"Main Course"}]}}}]}}}