{"data":{"allWpInformation":{"edges":[{"node":{"informationACF":{"logo":{"localFile":{"id":"47ac1afc-64e4-5631-86f0-c4d9524ab1ec","childImageSharp":{"id":"71d0ed5a-eaf0-543b-8aaa-228f1dc0f890","gatsbyImageData":{"layout":"constrained","backgroundColor":"#080808","images":{"fallback":{"src":"/static/26d95815d8a7016aad4c58d41d9105f1/f8529/cropped-Delhi.png","srcSet":"/static/26d95815d8a7016aad4c58d41d9105f1/0cd6d/cropped-Delhi.png 197w,\n/static/26d95815d8a7016aad4c58d41d9105f1/51636/cropped-Delhi.png 393w,\n/static/26d95815d8a7016aad4c58d41d9105f1/f8529/cropped-Delhi.png 786w","sizes":"(min-width: 786px) 786px, 100vw"},"sources":[{"srcSet":"/static/26d95815d8a7016aad4c58d41d9105f1/5a491/cropped-Delhi.webp 197w,\n/static/26d95815d8a7016aad4c58d41d9105f1/cc8c7/cropped-Delhi.webp 393w,\n/static/26d95815d8a7016aad4c58d41d9105f1/78ded/cropped-Delhi.webp 786w","type":"image/webp","sizes":"(min-width: 786px) 786px, 100vw"}]},"width":786,"height":556}}}}}}}]}}}