{"polyfill":["/polyfill-de382ff040ab7e9f5cfb.js"],"app":["/app-17dcc1166d320f8dac4d.js"],"component---src-pages-404-js":["/component---src-pages-404-js-f6f7b9fffaefea700f0b.js"],"component---src-pages-about-js":["/component---src-pages-about-js-840c8708381d6a732ef9.js"],"component---src-pages-contact-js":["/component---src-pages-contact-js-580a493de7fcca43c2fa.js"],"component---src-pages-dine-in-menu-js":["/component---src-pages-dine-in-menu-js-f8b9d1239cea8a8b7311.js"],"component---src-pages-gallery-js":["/component---src-pages-gallery-js-70deb9bd16fd02ad339c.js"],"component---src-pages-index-js":["/component---src-pages-index-js-8e77373f359644d708dc.js"]}