{"namedChunkGroups":{"polyfill":{"name":"polyfill","assets":[{"name":"webpack-runtime-17189a5b362eb1feb3a6.js","size":5515},{"name":"commons-bea00d6e759145d9c0a8.js","size":9679},{"name":"polyfill-de382ff040ab7e9f5cfb.js","size":83926}],"filteredAssets":0,"assetsSize":99120,"filteredAuxiliaryAssets":3,"auxiliaryAssetsSize":273876},"app":{"name":"app","assets":[{"name":"webpack-runtime-17189a5b362eb1feb3a6.js","size":5515},{"name":"styles.193e76285e75bc5d84f4.css","size":148204},{"name":"framework-3ecf492023e41a737af3.js","size":129913},{"name":"app-17dcc1166d320f8dac4d.js","size":71628}],"filteredAssets":0,"assetsSize":355260,"filteredAuxiliaryAssets":3,"auxiliaryAssetsSize":664730},"component---src-pages-404-js":{"name":"component---src-pages-404-js","assets":[{"name":"component---src-pages-404-js-f6f7b9fffaefea700f0b.js","size":800}],"filteredAssets":0,"assetsSize":800,"filteredAuxiliaryAssets":1,"auxiliaryAssetsSize":1879},"component---src-pages-about-js":{"name":"component---src-pages-about-js","assets":[{"name":"styles.193e76285e75bc5d84f4.css","size":148204},{"name":"c943faba-dc1948debe03d1ab05ea.js","size":1821},{"name":"af13d906-4218f4a7273935978fdf.js","size":621},{"name":"cb1608f2-1a578ca275f052a76702.js","size":622},{"name":"dbf3ce33-2616b617b4d5ffcc2fff.js","size":301798},{"name":"commons-bea00d6e759145d9c0a8.js","size":9679},{"name":"6a4e25e3e83108c64adc24b5c86ff91e19c915c8-90e67755c54ddb14868b.js","size":93710},{"name":"component---src-pages-about-js-840c8708381d6a732ef9.js","size":6286}],"filteredAssets":0,"assetsSize":562741,"filteredAuxiliaryAssets":8,"auxiliaryAssetsSize":5417316},"component---src-pages-contact-js":{"name":"component---src-pages-contact-js","assets":[{"name":"styles.193e76285e75bc5d84f4.css","size":148204},{"name":"c943faba-dc1948debe03d1ab05ea.js","size":1821},{"name":"af13d906-4218f4a7273935978fdf.js","size":621},{"name":"cb1608f2-1a578ca275f052a76702.js","size":622},{"name":"dbf3ce33-2616b617b4d5ffcc2fff.js","size":301798},{"name":"958b4c57-e41a7ddd6fa282326817.js","size":958},{"name":"commons-bea00d6e759145d9c0a8.js","size":9679},{"name":"6a4e25e3e83108c64adc24b5c86ff91e19c915c8-90e67755c54ddb14868b.js","size":93710},{"name":"d45264a4de1f650f185c596d620c9318dc1eb06b-135d0c4d7cf50c0a1006.js","size":16871},{"name":"component---src-pages-contact-js-580a493de7fcca43c2fa.js","size":4690}],"filteredAssets":0,"assetsSize":578974,"filteredAuxiliaryAssets":9,"auxiliaryAssetsSize":6881199},"component---src-pages-dine-in-menu-js":{"name":"component---src-pages-dine-in-menu-js","assets":[{"name":"styles.193e76285e75bc5d84f4.css","size":148204},{"name":"c943faba-dc1948debe03d1ab05ea.js","size":1821},{"name":"af13d906-4218f4a7273935978fdf.js","size":621},{"name":"cb1608f2-1a578ca275f052a76702.js","size":622},{"name":"dbf3ce33-2616b617b4d5ffcc2fff.js","size":301798},{"name":"commons-bea00d6e759145d9c0a8.js","size":9679},{"name":"6a4e25e3e83108c64adc24b5c86ff91e19c915c8-90e67755c54ddb14868b.js","size":93710},{"name":"component---src-pages-dine-in-menu-js-f8b9d1239cea8a8b7311.js","size":13325}],"filteredAssets":0,"assetsSize":569780,"filteredAuxiliaryAssets":7,"auxiliaryAssetsSize":5381873},"component---src-pages-gallery-js":{"name":"component---src-pages-gallery-js","assets":[{"name":"styles.193e76285e75bc5d84f4.css","size":148204},{"name":"c943faba-dc1948debe03d1ab05ea.js","size":1821},{"name":"af13d906-4218f4a7273935978fdf.js","size":621},{"name":"cb1608f2-1a578ca275f052a76702.js","size":622},{"name":"dbf3ce33-2616b617b4d5ffcc2fff.js","size":301798},{"name":"commons-bea00d6e759145d9c0a8.js","size":9679},{"name":"6a4e25e3e83108c64adc24b5c86ff91e19c915c8-90e67755c54ddb14868b.js","size":93710},{"name":"component---src-pages-gallery-js-70deb9bd16fd02ad339c.js","size":2015}],"filteredAssets":0,"assetsSize":558470,"filteredAuxiliaryAssets":7,"auxiliaryAssetsSize":5345565},"component---src-pages-index-js":{"name":"component---src-pages-index-js","assets":[{"name":"styles.193e76285e75bc5d84f4.css","size":148204},{"name":"c943faba-dc1948debe03d1ab05ea.js","size":1821},{"name":"af13d906-4218f4a7273935978fdf.js","size":621},{"name":"cb1608f2-1a578ca275f052a76702.js","size":622},{"name":"dbf3ce33-2616b617b4d5ffcc2fff.js","size":301798},{"name":"958b4c57-e41a7ddd6fa282326817.js","size":958},{"name":"commons-bea00d6e759145d9c0a8.js","size":9679},{"name":"6a4e25e3e83108c64adc24b5c86ff91e19c915c8-90e67755c54ddb14868b.js","size":93710},{"name":"d45264a4de1f650f185c596d620c9318dc1eb06b-135d0c4d7cf50c0a1006.js","size":16871},{"name":"component---src-pages-index-js-8e77373f359644d708dc.js","size":37694}],"filteredAssets":0,"assetsSize":611978,"filteredAuxiliaryAssets":10,"auxiliaryAssetsSize":7060551}},"assetsByChunkName":{"polyfill":["webpack-runtime-17189a5b362eb1feb3a6.js","commons-bea00d6e759145d9c0a8.js","polyfill-de382ff040ab7e9f5cfb.js"],"app":["webpack-runtime-17189a5b362eb1feb3a6.js","styles.193e76285e75bc5d84f4.css","framework-3ecf492023e41a737af3.js","app-17dcc1166d320f8dac4d.js"],"component---src-pages-404-js":["component---src-pages-404-js-f6f7b9fffaefea700f0b.js"],"component---src-pages-about-js":["styles.193e76285e75bc5d84f4.css","c943faba-dc1948debe03d1ab05ea.js","af13d906-4218f4a7273935978fdf.js","cb1608f2-1a578ca275f052a76702.js","dbf3ce33-2616b617b4d5ffcc2fff.js","commons-bea00d6e759145d9c0a8.js","6a4e25e3e83108c64adc24b5c86ff91e19c915c8-90e67755c54ddb14868b.js","component---src-pages-about-js-840c8708381d6a732ef9.js"],"component---src-pages-contact-js":["styles.193e76285e75bc5d84f4.css","c943faba-dc1948debe03d1ab05ea.js","af13d906-4218f4a7273935978fdf.js","cb1608f2-1a578ca275f052a76702.js","dbf3ce33-2616b617b4d5ffcc2fff.js","958b4c57-e41a7ddd6fa282326817.js","commons-bea00d6e759145d9c0a8.js","6a4e25e3e83108c64adc24b5c86ff91e19c915c8-90e67755c54ddb14868b.js","d45264a4de1f650f185c596d620c9318dc1eb06b-135d0c4d7cf50c0a1006.js","component---src-pages-contact-js-580a493de7fcca43c2fa.js"],"component---src-pages-dine-in-menu-js":["styles.193e76285e75bc5d84f4.css","c943faba-dc1948debe03d1ab05ea.js","af13d906-4218f4a7273935978fdf.js","cb1608f2-1a578ca275f052a76702.js","dbf3ce33-2616b617b4d5ffcc2fff.js","commons-bea00d6e759145d9c0a8.js","6a4e25e3e83108c64adc24b5c86ff91e19c915c8-90e67755c54ddb14868b.js","component---src-pages-dine-in-menu-js-f8b9d1239cea8a8b7311.js"],"component---src-pages-gallery-js":["styles.193e76285e75bc5d84f4.css","c943faba-dc1948debe03d1ab05ea.js","af13d906-4218f4a7273935978fdf.js","cb1608f2-1a578ca275f052a76702.js","dbf3ce33-2616b617b4d5ffcc2fff.js","commons-bea00d6e759145d9c0a8.js","6a4e25e3e83108c64adc24b5c86ff91e19c915c8-90e67755c54ddb14868b.js","component---src-pages-gallery-js-70deb9bd16fd02ad339c.js"],"component---src-pages-index-js":["styles.193e76285e75bc5d84f4.css","c943faba-dc1948debe03d1ab05ea.js","af13d906-4218f4a7273935978fdf.js","cb1608f2-1a578ca275f052a76702.js","dbf3ce33-2616b617b4d5ffcc2fff.js","958b4c57-e41a7ddd6fa282326817.js","commons-bea00d6e759145d9c0a8.js","6a4e25e3e83108c64adc24b5c86ff91e19c915c8-90e67755c54ddb14868b.js","d45264a4de1f650f185c596d620c9318dc1eb06b-135d0c4d7cf50c0a1006.js","component---src-pages-index-js-8e77373f359644d708dc.js"]},"childAssetsByChunkName":{}}